{
  "lang":"xx",
  "name":"pipeline",
  "version":"0.0.0",
  "spacy_version":">=3.8.7,<3.9.0",
  "description":"",
  "author":"",
  "email":"",
  "url":"",
  "license":"",
  "spacy_git_version":"4b65aa7",
  "vectors":{
    "width":0,
    "vectors":0,
    "keys":0,
    "name":null,
    "mode":"default"
  },
  "labels":{
    "tok2vec":[

    ],
    "parser":[
      "ROOT",
      "cc",
      "comp:aux",
      "comp:obj",
      "comp:obl",
      "comp:pred",
      "compound",
      "conj",
      "conj:appos",
      "dep",
      "det",
      "dislocated",
      "flat",
      "mod",
      "parataxis",
      "punct",
      "subj",
      "udep"
    ]
  },
  "pipeline":[
    "tok2vec",
    "parser"
  ],
  "components":[
    "tok2vec",
    "parser"
  ],
  "disabled":[

  ],
  "performance":{
    "dep_uas":0.7454460532,
    "dep_las":0.6500077604,
    "dep_las_per_type":{
      "subj":{
        "p":0.6950904393,
        "r":0.7329700272,
        "f":0.7135278515
      },
      "mod":{
        "p":0.5831903945,
        "r":0.5882352941,
        "f":0.5857019811
      },
      "comp:obj":{
        "p":0.6710816777,
        "r":0.714453584,
        "f":0.6920887877
      },
      "det":{
        "p":0.770609319,
        "r":0.7846715328,
        "f":0.7775768535
      },
      "udep":{
        "p":0.6433121019,
        "r":0.6558441558,
        "f":0.6495176849
      },
      "flat":{
        "p":0.8070175439,
        "r":0.7931034483,
        "f":0.8
      },
      "conj:appos":{
        "p":0.2105263158,
        "r":0.1025641026,
        "f":0.1379310345
      },
      "cc":{
        "p":0.724137931,
        "r":0.8,
        "f":0.7601809955
      },
      "conj":{
        "p":0.3451327434,
        "r":0.3421052632,
        "f":0.3436123348
      },
      "comp:obl":{
        "p":0.0,
        "r":0.0,
        "f":0.0
      },
      "root":{
        "p":0.7025316456,
        "r":0.8161764706,
        "f":0.7551020408
      },
      "comp:aux":{
        "p":0.7788461538,
        "r":0.7397260274,
        "f":0.7587822014
      },
      "dislocated":{
        "p":0.5,
        "r":0.1153846154,
        "f":0.1875
      },
      "parataxis":{
        "p":0.1875,
        "r":0.3461538462,
        "f":0.2432432432
      },
      "compound:prt":{
        "p":0.0,
        "r":0.0,
        "f":0.0
      },
      "comp:pred":{
        "p":0.0909090909,
        "r":0.25,
        "f":0.1333333333
      },
      "comp:conj":{
        "p":0.0,
        "r":0.0,
        "f":0.0
      },
      "discourse":{
        "p":0.0,
        "r":0.0,
        "f":0.0
      },
      "dep":{
        "p":0.0,
        "r":0.0,
        "f":0.0
      },
      "compound":{
        "p":0.0,
        "r":0.0,
        "f":0.0
      },
      "compound:svc":{
        "p":0.0,
        "r":0.0,
        "f":0.0
      },
      "comp:cleft":{
        "p":0.0,
        "r":0.0,
        "f":0.0
      },
      "vocative":{
        "p":0.0,
        "r":0.0,
        "f":0.0
      },
      "_":{
        "p":0.0,
        "r":0.0,
        "f":0.0
      },
      ":appos":{
        "p":0.0,
        "r":0.0,
        "f":0.0
      },
      "comp":{
        "p":0.0,
        "r":0.0,
        "f":0.0
      },
      "comp:appos":{
        "p":0.0,
        "r":0.0,
        "f":0.0
      }
    },
    "sents_p":0.8025477707,
    "sents_r":0.9064748201,
    "sents_f":0.8513513514,
    "tok2vec_loss":8154.1737927259,
    "parser_loss":1163.0465087891
  }
}