{
  "lang":"xx",
  "name":"pipeline",
  "version":"0.0.0",
  "spacy_version":">=3.8.7,<3.9.0",
  "description":"",
  "author":"",
  "email":"",
  "url":"",
  "license":"",
  "spacy_git_version":"4b65aa7",
  "vectors":{
    "width":0,
    "vectors":0,
    "keys":0,
    "name":null,
    "mode":"default"
  },
  "labels":{
    "tok2vec":[

    ],
    "parser":[
      "ROOT",
      "cc",
      "comp:aux",
      "comp:obj",
      "comp:obl",
      "comp:pred",
      "compound",
      "conj",
      "conj:appos",
      "dep",
      "det",
      "dislocated",
      "flat",
      "mod",
      "parataxis",
      "punct",
      "subj",
      "udep"
    ]
  },
  "pipeline":[
    "tok2vec",
    "parser"
  ],
  "components":[
    "tok2vec",
    "parser"
  ],
  "disabled":[

  ],
  "performance":{
    "dep_uas":0.7559153176,
    "dep_las":0.6662525237,
    "dep_las_per_type":{
      "subj":{
        "p":0.7322834646,
        "r":0.7602179837,
        "f":0.7459893048
      },
      "mod":{
        "p":0.6051282051,
        "r":0.6124567474,
        "f":0.6087704213
      },
      "comp:obj":{
        "p":0.7052154195,
        "r":0.7309048179,
        "f":0.717830352
      },
      "det":{
        "p":0.7678571429,
        "r":0.7846715328,
        "f":0.7761732852
      },
      "udep":{
        "p":0.6099071207,
        "r":0.6396103896,
        "f":0.6244057052
      },
      "flat":{
        "p":0.7741935484,
        "r":0.8275862069,
        "f":0.8
      },
      "conj:appos":{
        "p":0.4705882353,
        "r":0.2051282051,
        "f":0.2857142857
      },
      "cc":{
        "p":0.7096774194,
        "r":0.8380952381,
        "f":0.768558952
      },
      "conj":{
        "p":0.3333333333,
        "r":0.3157894737,
        "f":0.3243243243
      },
      "comp:obl":{
        "p":0.25,
        "r":0.0303030303,
        "f":0.0540540541
      },
      "root":{
        "p":0.7077922078,
        "r":0.8014705882,
        "f":0.7517241379
      },
      "comp:aux":{
        "p":0.7647058824,
        "r":0.7716894977,
        "f":0.7681818182
      },
      "dislocated":{
        "p":0.4,
        "r":0.1538461538,
        "f":0.2222222222
      },
      "comp:pred":{
        "p":0.12,
        "r":0.375,
        "f":0.1818181818
      },
      "compound:prt":{
        "p":0.0,
        "r":0.0,
        "f":0.0
      },
      "comp:conj":{
        "p":0.0,
        "r":0.0,
        "f":0.0
      },
      "parataxis":{
        "p":0.2702702703,
        "r":0.3846153846,
        "f":0.3174603175
      },
      "discourse":{
        "p":0.0,
        "r":0.0,
        "f":0.0
      },
      "compound":{
        "p":0.3333333333,
        "r":0.1333333333,
        "f":0.1904761905
      },
      "dep":{
        "p":0.0,
        "r":0.0,
        "f":0.0
      },
      "compound:svc":{
        "p":0.0,
        "r":0.0,
        "f":0.0
      },
      "comp:cleft":{
        "p":0.0,
        "r":0.0,
        "f":0.0
      },
      "vocative":{
        "p":0.0,
        "r":0.0,
        "f":0.0
      },
      "_":{
        "p":0.0,
        "r":0.0,
        "f":0.0
      },
      ":appos":{
        "p":0.0,
        "r":0.0,
        "f":0.0
      },
      "comp":{
        "p":0.0,
        "r":0.0,
        "f":0.0
      },
      "comp:appos":{
        "p":0.0,
        "r":0.0,
        "f":0.0
      }
    },
    "sents_p":0.8523489933,
    "sents_r":0.9136690647,
    "sents_f":0.8819444444,
    "tok2vec_loss":9141.2041534961,
    "parser_loss":1937.9349365234
  }
}