{
  "token_acc":0.997230507,
  "token_p":0.9563272262,
  "token_r":0.9812021858,
  "token_f":0.9686050275,
  "sents_p":0.9352517986,
  "sents_r":0.9594095941,
  "sents_f":0.9471766849,
  "dep_uas":0.7878787879,
  "dep_las":0.6955773956,
  "dep_las_per_type":{
    "subj":{
      "p":0.7207920792,
      "r":0.7459016393,
      "f":0.7331319235
    },
    "flat":{
      "p":0.6979166667,
      "r":0.7976190476,
      "f":0.7444444444
    },
    "comp:aux":{
      "p":0.8355704698,
      "r":0.8110749186,
      "f":0.8231404959
    },
    "root":{
      "p":0.8035714286,
      "r":0.8333333333,
      "f":0.8181818182
    },
    "det":{
      "p":0.7475961538,
      "r":0.8056994819,
      "f":0.7755610973
    },
    "comp:obj":{
      "p":0.7513116474,
      "r":0.7254305978,
      "f":0.7381443299
    },
    "udep":{
      "p":0.7384196185,
      "r":0.730458221,
      "f":0.7344173442
    },
    "mod":{
      "p":0.6113475177,
      "r":0.6291970803,
      "f":0.6201438849
    },
    "cc":{
      "p":0.7372262774,
      "r":0.8211382114,
      "f":0.7769230769
    },
    "conj":{
      "p":0.3771929825,
      "r":0.2905405405,
      "f":0.3282442748
    },
    "conj:appos":{
      "p":0.2285714286,
      "r":0.2962962963,
      "f":0.2580645161
    },
    "comp:pred":{
      "p":0.4857142857,
      "r":0.3777777778,
      "f":0.425
    },
    "parataxis":{
      "p":0.3653846154,
      "r":0.3518518519,
      "f":0.358490566
    },
    "comp:obl":{
      "p":0.0,
      "r":0.0,
      "f":0.0
    },
    "dislocated":{
      "p":0.3125,
      "r":0.119047619,
      "f":0.1724137931
    },
    "compound":{
      "p":0.4,
      "r":0.2857142857,
      "f":0.3333333333
    },
    "dep":{
      "p":0.0,
      "r":0.0,
      "f":0.0
    },
    "discourse":{
      "p":0.0,
      "r":0.0,
      "f":0.0
    },
    "goeswith":{
      "p":0.0,
      "r":0.0,
      "f":0.0
    },
    "vocative":{
      "p":0.0,
      "r":0.0,
      "f":0.0
    }
  },
  "speed":10914.50229027
}